twitter.com,3560975
mobile.twitter.com,63052
pic.twitter.com,635
blog.twitter.com,264
m.twitter.com,164
ton.twitter.com,117
trumpytwitter.com,42
analytics.twitter.com,37
escort.ankaratwitter.com,26
cards.twitter.com,26
www.twitter.com,24
support.twitter.com,22
interactive.twitter.com,17
tweetdeck.twitter.com,15
about.twitter.com,14
wwe.twitter.com,11
booktwitter.com,9
cittadiniditwitter.com,9
business.twitter.com,8
hottwitter.com,8
financetwitter.com,8
ww.twitter.com,6
np.twitter.com,4
dev.twitter.com,4
toptwitter.com,4
tnf.twitter.com,3
verification.twitter.com,3
discover.twitter.com,3
wwwtwitter.com,2
stilltwitter.com,2
nikebreaking2.twitter.com,2
brand.twitter.com,2
mobiletwitter.com,2
hackeartwitter.com,2
naijatwitter.com,1
listentotwitter.com,1
thecolorsoftwitter.com,1
le.twitter.com,1
wee.twitter.com,1
platform.twitter.com,1
ttwitter.com,1
ces.twitter.com,1
ifsatwitter.com,1
htwitter.com,1
help.twitter.com,1
wwwztwitter.com,1
xtwitter.com,1
moble.twitter.com,1
api.twitter.com,1
apps.twitter.com,1
gothicslug.twitter.com,1
buzztwitter.com,1
translate.twitter.com,1
careers.twitter.com,1
foodtwitter.com,1
debates.twitter.com,1
nll.twitter.com,1
comiccon.twitter.com,1
cards-dev.twitter.com,1
publish.twitter.com,1
bbmas.twitter.com,1
fuck.twitter.com,1
bantrumpfromtwitter.com,1
ww.ankaratwitter.com,1
status.twitter.com,1
