The_Donald,1768
syriancivilwar,153
TheTwitterFeed,80
The_Donald_Discuss,71
td_uncensored,61
PoliticsAll,30
conspiracy,26
JustProBlackThings,22
politics,12
news,12
HillaryForPrison,11
The_Europe,9
sjwhate,8
metacanada,8
Conservative,8
russia,8
EnoughTrumpSpam,7
worldnews,6
videos,5
LiberalRegressives,5
POLITIC,5
SargonofAkkad,4
The_Donald_CA,4
PublicFreakout,4
europe,3
The_Dickholster,3
altright,3
PoliticalHumor,3
blackladies,3
PoliticalVideo,3
Le_Pen,3
syriancivilwar_SAA,3
CringeAnarchy,3
CombatFootage,3
ResistFromDay1,2
PoliticalVideos,2
Syria,2
SyrianCirclejerkWar,2
Drama,2
DeepMoleWire,2
BlackPeopleTwitter,2
Trump_Train,2
Bad_Cop_No_Donut,2
Anarchism,2
worldpolitics,2
The_Donald_TN,2
uncensorednews,2
sweden,2
edefreiheit,2
cringe,1
Kappa,1
the_frauke,1
HumansBeingBros,1
INTP,1
Ice_Poseidon,1
InfidelTube,1
IslamUnveiled,1
syrianconflict,1
KnownEdge,1
EuropeanPeoples,1
KotakuInAction,1
LiberalDegeneracy,1
socialism,1
Libertarian,1
LibertarianSocialism,1
LolRussianPropaganda,1
MensRights,1
FUCK_CNN,1
thenetherlands,1
EnoughTwoPartySpam,1
NagornoKarabakhNews,1
AltRightMeta,1
AltRight_online,1
worldanarchism,1
Anarcho_Capitalism,1
wholesomebpt,1
weekendgunnit,1
Blackfellas,1
CFB,1
COMPLETEANARCHY,1
weather,1
watchpeopledie,1
ConservativesOnly,1
ConspiracyFacts,1
DeFranco,1
toosoon,1
theyoungturks,1
EndlessWar,1
Mr_Trump,1
science,1
drunkenpeasants,1
WesternTerrorism,1
gaybros,1
gameofthrones,1
TriggeredByTrump,1
forwardsfromgrandma,1
TwoXChromosomes,1
USE2016,1
WTF,1
WarUpdates,1
WikiLeaks,1
PeopleFuckingDying,1
YemeniCrisis,1
antifa,1
antifeminist,1
australia,1
economy,1
brasil,1
californiahate,1
cancercollated,1
The_Donald_NC,1
h3h3productions,1
hapas,1
houston,1
Physical_Removal,1
rojava,1
paris,1
opieandanthony,1
nyc,1
ProtectAndServe,1
new_right,1
PussyPass,1
RealDonaldTrump,1
metametacanada,1
menkampf,1
lgbt,1
italktomuch,1
SyrianRebels,1
TheNewRight,1
islam,1
indonesia,1
2016Elections,1
